"k","cp_lo","cp_hi","w_lo","w_hi"
0,0,0.0568723523320163,0,0.0574711995888517
1,0.000401789229084888,0.085295709299263,0.00280749421386928,0.0845852545943839
2,0.0038679824964188,0.11001937340888,0.00874952756158045,0.108564770466074
3,0.00992995115073328,0.132918400748151,0.0163261688679956,0.130909678379061
4,0.0175687932633546,0.154660677395377,0.0249656180133941,0.152191778453064
5,0.0262723406440277,0.175575949724848,0.0343758471768186,0.172703098509041
6,0.0357590118653331,0.195856020558107,0.044383484276892,0.192617010628369
7,0.0458566237168708,0.215624248702528,0.0548754866238372,0.212046557500825
8,0.056451279545303,0.234965575695654,0.0657732485613674,0.231070344782697
9,0.0674631555714806,0.253941450643488,0.0770194833472069,0.249745659216259
10,0.0788338107522415,0.272598017492844,0.0885709239651416,0.268115767817725
11,0.0905189845629966,0.290970949080873,0.100393965794679,0.28621427520759
12,0.102484243593857,0.309088469085558,0.112461918722925,0.304067871498745
13,0.11470221331626,0.326973329468314,0.124753196154938,0.321698143286133
14,0.127150743253126,0.344644153704362,0.137250077526136,0.339122811134337
15,0.13981164813906,0.362116378032798,0.149937836782906,0.356356601096969
16,0.152669818797077,0.379402928552496,0.162804112733212,0.373411874366065
17,0.165712578433961,0.396514719293492,0.17583844412316,0.390299092195518
18,0.178929206638836,0.413461025668696,0.189031919864008,0.407027165674071
19,0.192310580922098,0.430249769113601,0.202376911621885,0.423603723135596
20,0.205848902505895,0.446887737093118,0.215866866535197,0.440035317441686
21,0.219537483732212,0.463380755172511,0.22949614464604,0.456327588550244
22,0.233370581367007,0.479733822911334,0.243259890152303,0.472485392263382
23,0.247343264673263,0.495951222004952,0.257153928650365,0.488512902984722
24,0.261451310247143,0.512036602799309,0.271174684656797,0.504413696197691
25,0.275691117775061,0.527993053688834,0.285319115190465,0.520190814883425
26,0.290059642397545,0.543823156750429,0.299584656267517,0.535846823025774
27,0.304554340464639,0.559529032123231,0.313969179943643,0.55138384856905
28,0.319173126271957,0.57511237301739,0.328470960118918,0.566803617613177
29,0.333914337966302,0.590574472760442,0.34308864576045,0.582107481191046
30,0.34877671126629,0.605916244921537,0.35782124053827,0.597296435632627
31,0.363759359999135,0.62113823725988,0.372668088139847,0.612371137250453
32,0.37886176274012,0.636240640000865,0.387628862749547,0.627331911860153
33,0.394083755078463,0.65122328873371,0.402703564367372,0.64217875946173
34,0.409425527239558,0.666085662033698,0.417892518808954,0.65691135423955
35,0.42488762698261,0.680826873728043,0.433196382386824,0.671529039881082
36,0.440470967876769,0.695445659535361,0.44861615143095,0.686030820056357
37,0.456176843249571,0.709940357602455,0.464153176974226,0.700415343732483
38,0.472006946311167,0.724308882224939,0.479809185116574,0.714680884809535
39,0.487963397200691,0.738548689752857,0.495586303802309,0.728825315343203
40,0.504048777995048,0.752656735326737,0.511487097015278,0.742846071349635
41,0.520266177088666,0.766629418632992,0.527514607736618,0.756740109847697
42,0.536619244827489,0.780462516267788,0.543672411449756,0.77050385535396
43,0.553112262906882,0.794151097494105,0.559964682558314,0.784133133464803
44,0.569750230886399,0.807689419077902,0.576396276864404,0.797623088378115
45,0.586538974331304,0.821070793361164,0.592972834325929,0.810968080135992
46,0.603485280706508,0.834287421566039,0.609700907804482,0.82416155587684
47,0.620597071447504,0.847330181202923,0.626588125633935,0.837195887266788
48,0.637883621967202,0.86018835186094,0.643643398903031,0.850062163217094
49,0.655355846295638,0.872849256746874,0.660877188865663,0.862749922473864
50,0.673026670531686,0.88529778668374,0.678301856713867,0.875246803845062
51,0.690911530914442,0.897515756406143,0.695932128501255,0.887538081277075
52,0.709029050919127,0.909481015437003,0.71378572479241,0.899606034205321
53,0.727401982507156,0.921166189247759,0.731884232182274,0.911429076034858
54,0.746058549356512,0.932536844428519,0.750254340783741,0.922980516652793
55,0.765034424304346,0.943548720454697,0.768929655217303,0.934226751438633
56,0.784375751297472,0.954143376283129,0.787953442499175,0.945124513376163
57,0.804143979441893,0.964240988134667,0.807382989371631,0.955616515723108
58,0.824424050275152,0.973727659355972,0.827296901490959,0.965624152823181
59,0.845339322604623,0.982431206736645,0.847808221546936,0.975034381986606
60,0.867081599251849,0.990070048849267,0.869090321620939,0.983673831132004
61,0.88998062659112,0.996132017503581,0.891435229533926,0.99125047243842
62,0.914704290700737,0.999598210770915,0.915414745405616,0.997192505786131
63,0.943127647667984,1,0.942528800411148,1
