df,q975
  1,12.7062047361746941
  2, 4.3026527297494619
  3, 3.1824463052837078
  4, 2.7764451051977934
  5, 2.5705818356363137
  6, 2.4469118511449688
  7, 2.3646242515927844
  8, 2.3060041352041658
  9, 2.2621571627982049
 10, 2.2281388519862739
 11, 2.2009851600916388
 12, 2.1788128296672284
 13, 2.1603686564627917
 14, 2.1447866879178039
 15, 2.1314495455597751
 16, 2.1199052992212541
 17, 2.1098155778333165
 18, 2.1009220402410382
 19, 2.0930240544083092
 20, 2.0859634472658648
 21, 2.0796138447276800
 22, 2.0738730679040258
 23, 2.0686576104190482
 24, 2.0638985616280254
 25, 2.0595385527532977
 26, 2.0555294386428726
 27, 2.0518305164802850
 28, 2.0484071417952445
 29, 2.0452296421327034
 30, 2.0422724563012378
 31, 2.0395134463964082
 32, 2.0369333434601016
 33, 2.0345152974493383
 34, 2.0322445093177182
 35, 2.0301079282503425
 36, 2.0280940009804507
 37, 2.0261924630291088
 38, 2.0243941639119694
 39, 2.0226909200367604
 40, 2.0210753903062733
 41, 2.0195409704413754
 42, 2.0180817028184443
 43, 2.0166921992278239
 44, 2.0153675744437636
 45, 2.0141033888808466
 46, 2.0128955989194286
 47, 2.0117405137297655
 48, 2.0106347576242318
 49, 2.0095752371292397
 50, 2.0085591121007607
 51, 2.0075837703158359
 52, 2.0066468050616879
 53, 2.0057459953178687
 54, 2.0048792881880568
 55, 2.0040447832891455
 56, 2.0032407188478722
 57, 2.0024654592910069
 58, 2.0017174841452356
 59, 2.0009953780882670
 60, 2.0002978220142595
 61, 1.9996235849949391
 62, 1.9989715170333784
 63, 1.9983405425207414
 64, 1.9977296543176930
 65, 1.9971379083920036
 66, 1.9965644189523117
 67, 1.9960083540252966
 68, 1.9954689314298435
 69, 1.9949454151072379
 70, 1.9944371117711861
 71, 1.9939433678456255
 72, 1.9934635666618716
 73, 1.9929971258898549
 74, 1.9925434951809322
 75, 1.9921021540022417
 76, 1.9916726096446642
 77, 1.9912543953883843
 78, 1.9908470688116908
 79, 1.9904502102301285
 80, 1.9900634212544459
 81, 1.9896863234569027
 82, 1.9893185571365724
 83, 1.9889597801751624
 84, 1.9886096669757085
 85, 1.9882679074772216
 86, 1.9879342062390200
 87, 1.9876082815890703
 88, 1.9872898648311694
 89, 1.9869786995062810
 90, 1.9866745407037678
 91, 1.9863771544186175
 92, 1.9860863169511300
 93, 1.9858018143458231
 94, 1.9855234418666039
 95, 1.9852510035054978
 96, 1.9849843115224570
 97, 1.9847231860139845
 98, 1.9844674545084815
 99, 1.9842169515864172
100, 1.9839715185235516
